{
  "segmentation_boxes": {
    "mask_box_0": [
      0.3714982867240906, 
      0.21319952607154846, 
      0.8363653421401978, 
      0.38183510303497314
    ], 
    "mask_box_1": [
      0.346718966960907, 
      0.8664122223854065, 
      0.9699535369873047, 
      0.9958730936050415
    ], 
    "mask_box_91": [
      0.33819350600242615, 
      0.648705780506134, 
      0.5244983434677124, 
      0.7190508246421814
    ], 
    "mask_box_92": [
      0.4030519425868988, 
      0.6789343357086182, 
      0.6702349781990051, 
      0.7577821016311646
    ], 
    "mask_box_93": [
      0.5825405120849609, 
      0.7391449809074402, 
      0.8995144963264465, 
      0.840791642665863
    ], 
    "mask_box_94": [
      0.3793267607688904, 
      0.008769777603447437, 
      0.6402800679206848, 
      0.10791313648223877
    ], 
    "mask_box_95": [
      0.4678715467453003, 
      0.1386469453573227, 
      0.6783820390701294, 
      0.23361438512802124
    ], 
    "mask_box_2": [
      0.3549182415008545, 
      0.7612186670303345, 
      0.9453662037849426, 
      0.9224616885185242
    ], 
    "mask_box_3": [
      0.37367287278175354, 
      0.008032228797674179, 
      0.9983932971954346, 
      0.12799440324306488
    ], 
    "mask_box_4": [
      0.345890074968338, 
      0.6225484013557434, 
      0.5364298224449158, 
      0.7041633725166321
    ], 
    "mask_box_5": [
      0.45988819003105164, 
      0.10349518805742264, 
      0.8204724192619324, 
      0.24070453643798828
    ], 
    "mask_box_6": [
      0.3744090497493744, 
      0.698268711566925, 
      0.6646761894226074, 
      0.7858752608299255
    ], 
    "mask_box_7": [
      0.36895644664764404, 
      0.21022556722164154, 
      0.656842052936554, 
      0.33852913975715637
    ], 
    "mask_box_8": [
      0.7126075625419617, 
      0.7952843308448792, 
      0.9477139115333557, 
      0.879977285861969
    ], 
    "mask_box_9": [
      0.34838029742240906, 
      0.44157853722572327, 
      0.5602309107780457, 
      0.5578727722167969
    ]
  }
}
